"1","223","AL","Alabama","2017-08-21 16:48:58"
"2","223","AK","Alaska","2017-08-21 16:48:58"
"3","223","AS","American Samoa","2017-08-21 16:48:58"
"4","223","AZ","Arizona","2017-08-21 16:48:58"
"5","223","AR","Arkansas","2017-08-21 16:48:58"
"6","223","AF","Armed Forces Africa","2017-08-21 16:48:58"
"7","223","AA","Armed Forces Americas","2017-08-21 16:48:58"
"8","223","AC","Armed Forces Canada","2017-08-21 16:48:58"
"9","223","AE","Armed Forces Europe","2017-08-21 16:48:58"
"10","223","AM","Armed Forces Middle East","2017-08-21 16:48:58"
"11","223","AP","Armed Forces Pacific","2017-08-21 16:48:58"
"12","223","CA","California","2017-08-21 16:48:58"
"13","223","CO","Colorado","2017-08-21 16:48:58"
"14","223","CT","Connecticut","2017-08-21 16:48:58"
"15","223","DE","Delaware","2017-08-21 16:48:58"
"16","223","DC","District of Columbia","2017-08-21 16:48:58"
"17","223","FM","Federated States Of Micronesia","2017-08-21 16:48:58"
"18","223","FL","Florida","2017-08-21 16:48:58"
"19","223","GA","Georgia","2017-08-21 16:48:58"
"20","223","GU","Guam","2017-08-21 16:48:58"
"21","223","HI","Hawaii","2017-08-21 16:48:58"
"22","223","ID","Idaho","2017-08-21 16:48:58"
"23","223","IL","Illinois","2017-08-21 16:48:58"
"24","223","IN","Indiana","2017-08-21 16:48:58"
"25","223","IA","Iowa","2017-08-21 16:48:58"
"26","223","KS","Kansas","2017-08-21 16:48:58"
"27","223","KY","Kentucky","2017-08-21 16:48:58"
"28","223","LA","Louisiana","2017-08-21 16:48:58"
"29","223","ME","Maine","2017-08-21 16:48:58"
"30","223","MH","Marshall Islands","2017-08-21 16:48:58"
"31","223","MD","Maryland","2017-08-21 16:48:58"
"32","223","MA","Massachusetts","2017-08-21 16:48:58"
"33","223","MI","Michigan","2017-08-21 16:48:58"
"34","223","MN","Minnesota","2017-08-21 16:48:58"
"35","223","MS","Mississippi","2017-08-21 16:48:58"
"36","223","MO","Missouri","2017-08-21 16:48:58"
"37","223","MT","Montana","2017-08-21 16:48:58"
"38","223","NE","Nebraska","2017-08-21 16:48:58"
"39","223","NV","Nevada","2017-08-21 16:48:58"
"40","223","NH","New Hampshire","2017-08-21 16:48:58"
"41","223","NJ","New Jersey","2017-08-21 16:48:58"
"42","223","NM","New Mexico","2017-08-21 16:48:58"
"43","223","NY","New York","2017-08-21 16:48:58"
"44","223","NC","North Carolina","2017-08-21 16:48:58"
"45","223","ND","North Dakota","2017-08-21 16:48:58"
"46","223","MP","Northern Mariana Islands","2017-08-21 16:48:58"
"47","223","OH","Ohio","2017-08-21 16:48:58"
"48","223","OK","Oklahoma","2017-08-21 16:48:58"
"49","223","OR","Oregon","2017-08-21 16:48:58"
"50","223","PW","Palau","2017-08-21 16:48:58"
"51","223","PA","Pennsylvania","2017-08-21 16:48:58"
"52","223","PR","Puerto Rico","2017-08-21 16:48:58"
"53","223","RI","Rhode Island","2017-08-21 16:48:58"
"54","223","SC","South Carolina","2017-08-21 16:48:58"
"55","223","SD","South Dakota","2017-08-21 16:48:58"
"56","223","TN","Tennessee","2017-08-21 16:48:58"
"57","223","TX","Texas","2017-08-21 16:48:58"
"58","223","UT","Utah","2017-08-21 16:48:58"
"59","223","VT","Vermont","2017-08-21 16:48:58"
"60","223","VI","Virgin Islands","2017-08-21 16:48:58"
"61","223","VA","Virginia","2017-08-21 16:48:58"
"62","223","WA","Washington","2017-08-21 16:48:58"
"63","223","WV","West Virginia","2017-08-21 16:48:58"
"64","223","WI","Wisconsin","2017-08-21 16:48:58"
"65","223","WY","Wyoming","2017-08-21 16:48:58"
"66","38","AB","Alberta","2017-08-21 16:48:58"
"67","38","BC","British Columbia","2017-08-21 16:48:58"
"68","38","MB","Manitoba","2017-08-21 16:48:58"
"69","38","NF","Newfoundland","2017-08-21 16:48:58"
"70","38","NB","New Brunswick","2017-08-21 16:48:58"
"71","38","NS","Nova Scotia","2017-08-21 16:48:58"
"72","38","NT","Northwest Territories","2017-08-21 16:48:58"
"73","38","NU","Nunavut","2017-08-21 16:48:58"
"74","38","ON","Ontario","2017-08-21 16:48:58"
"75","38","PE","Prince Edward Island","2017-08-21 16:48:58"
"76","38","QC","Quebec","2017-08-21 16:48:58"
"77","38","SK","Saskatchewan","2017-08-21 16:48:58"
"78","38","YT","Yukon Territory","2017-08-21 16:48:58"
"79","81","NDS","Niedersachsen","2017-08-21 16:48:58"
"80","81","BAW","Baden-Württemberg","2017-08-21 16:48:58"
"81","81","BAY","Bayern","2017-08-21 16:48:58"
"82","81","BER","Berlin","2017-08-21 16:48:58"
"83","81","BRG","Brandenburg","2017-08-21 16:48:58"
"84","81","BRE","Bremen","2017-08-21 16:48:58"
"85","81","HAM","Hamburg","2017-08-21 16:48:58"
"86","81","HES","Hessen","2017-08-21 16:48:58"
"87","81","MEC","Mecklenburg-Vorpommern","2017-08-21 16:48:58"
"88","81","NRW","Nordrhein-Westfalen","2017-08-21 16:48:58"
"89","81","RHE","Rheinland-Pfalz","2017-08-21 16:48:58"
"90","81","SAR","Saarland","2017-08-21 16:48:58"
"91","81","SAS","Sachsen","2017-08-21 16:48:58"
"92","81","SAC","Sachsen-Anhalt","2017-08-21 16:48:58"
"93","81","SCN","Schleswig-Holstein","2017-08-21 16:48:58"
"94","81","THE","Thüringen","2017-08-21 16:48:58"
"95","14","WI","Wien","2017-08-21 16:48:58"
"96","14","NO","Niederösterreich","2017-08-21 16:48:58"
"97","14","OO","Oberösterreich","2017-08-21 16:48:58"
"98","14","SB","Salzburg","2017-08-21 16:48:58"
"99","14","KN","Kärnten","2017-08-21 16:48:58"
"100","14","ST","Steiermark","2017-08-21 16:48:58"
"101","14","TI","Tirol","2017-08-21 16:48:58"
"102","14","BL","Burgenland","2017-08-21 16:48:58"
"103","14","VB","Voralberg","2017-08-21 16:48:58"
"104","204","AG","Aargau","2017-08-21 16:48:58"
"105","204","AI","Appenzell Innerrhoden","2017-08-21 16:48:58"
"106","204","AR","Appenzell Ausserrhoden","2017-08-21 16:48:58"
"107","204","BE","Bern","2017-08-21 16:48:58"
"108","204","BL","Basel-Landschaft","2017-08-21 16:48:58"
"109","204","BS","Basel-Stadt","2017-08-21 16:48:58"
"110","204","FR","Freiburg","2017-08-21 16:48:58"
"111","204","GE","Genf","2017-08-21 16:48:58"
"112","204","GL","Glarus","2017-08-21 16:48:58"
"113","204","JU","Graubünden","2017-08-21 16:48:58"
"114","204","JU","Jura","2017-08-21 16:48:58"
"115","204","LU","Luzern","2017-08-21 16:48:58"
"116","204","NE","Neuenburg","2017-08-21 16:48:58"
"117","204","NW","Nidwalden","2017-08-21 16:48:58"
"118","204","OW","Obwalden","2017-08-21 16:48:58"
"119","204","SG","St. Gallen","2017-08-21 16:48:58"
"120","204","SH","Schaffhausen","2017-08-21 16:48:58"
"121","204","SO","Solothurn","2017-08-21 16:48:58"
"122","204","SZ","Schwyz","2017-08-21 16:48:58"
"123","204","TG","Thurgau","2017-08-21 16:48:58"
"124","204","TI","Tessin","2017-08-21 16:48:58"
"125","204","UR","Uri","2017-08-21 16:48:58"
"126","204","VD","Waadt","2017-08-21 16:48:58"
"127","204","VS","Wallis","2017-08-21 16:48:58"
"128","204","ZG","Zug","2017-08-21 16:48:58"
"129","204","ZH","Zürich","2017-08-21 16:48:58"
"130","195","A Coruña","A Coruña","2017-08-21 16:48:58"
"131","195","Alava","Alava","2017-08-21 16:48:58"
"132","195","Albacete","Albacete","2017-08-21 16:48:58"
"133","195","Alicante","Alicante","2017-08-21 16:48:58"
"134","195","Almeria","Almeria","2017-08-21 16:48:58"
"135","195","Asturias","Asturias","2017-08-21 16:48:58"
"136","195","Avila","Avila","2017-08-21 16:48:58"
"137","195","Badajoz","Badajoz","2017-08-21 16:48:58"
"138","195","Baleares","Baleares","2017-08-21 16:48:58"
"139","195","Barcelona","Barcelona","2017-08-21 16:48:58"
"140","195","Burgos","Burgos","2017-08-21 16:48:58"
"141","195","Caceres","Caceres","2017-08-21 16:48:58"
"142","195","Cadiz","Cadiz","2017-08-21 16:48:58"
"143","195","Cantabria","Cantabria","2017-08-21 16:48:58"
"144","195","Castellon","Castellon","2017-08-21 16:48:58"
"145","195","Ceuta","Ceuta","2017-08-21 16:48:58"
"146","195","Ciudad Real","Ciudad Real","2017-08-21 16:48:58"
"147","195","Cordoba","Cordoba","2017-08-21 16:48:58"
"148","195","Cuenca","Cuenca","2017-08-21 16:48:58"
"149","195","Girona","Girona","2017-08-21 16:48:58"
"150","195","Granada","Granada","2017-08-21 16:48:58"
"151","195","Guadalajara","Guadalajara","2017-08-21 16:48:58"
"152","195","Guipuzcoa","Guipuzcoa","2017-08-21 16:48:58"
"153","195","Huelva","Huelva","2017-08-21 16:48:58"
"154","195","Huesca","Huesca","2017-08-21 16:48:58"
"155","195","Jaen","Jaen","2017-08-21 16:48:58"
"156","195","La Rioja","La Rioja","2017-08-21 16:48:58"
"157","195","Las Palmas","Las Palmas","2017-08-21 16:48:58"
"158","195","Leon","Leon","2017-08-21 16:48:58"
"159","195","Lleida","Lleida","2017-08-21 16:48:58"
"160","195","Lugo","Lugo","2017-08-21 16:48:58"
"161","195","Madrid","Madrid","2017-08-21 16:48:58"
"162","195","Malaga","Malaga","2017-08-21 16:48:58"
"163","195","Melilla","Melilla","2017-08-21 16:48:58"
"164","195","Murcia","Murcia","2017-08-21 16:48:58"
"165","195","Navarra","Navarra","2017-08-21 16:48:58"
"166","195","Ourense","Ourense","2017-08-21 16:48:58"
"167","195","Palencia","Palencia","2017-08-21 16:48:58"
"168","195","Pontevedra","Pontevedra","2017-08-21 16:48:58"
"169","195","Salamanca","Salamanca","2017-08-21 16:48:58"
"170","195","Santa Cruz de Tenerife","Santa Cruz de Tenerife","2017-08-21 16:48:58"
"171","195","Segovia","Segovia","2017-08-21 16:48:58"
"172","195","Sevilla","Sevilla","2017-08-21 16:48:58"
"173","195","Soria","Soria","2017-08-21 16:48:58"
"174","195","Tarragona","Tarragona","2017-08-21 16:48:58"
"175","195","Teruel","Teruel","2017-08-21 16:48:58"
"176","195","Toledo","Toledo","2017-08-21 16:48:58"
"177","195","Valencia","Valencia","2017-08-21 16:48:58"
"178","195","Valladolid","Valladolid","2017-08-21 16:48:58"
"179","195","Vizcaya","Vizcaya","2017-08-21 16:48:58"
"180","195","Zamora","Zamora","2017-08-21 16:48:58"
"181","195","Zaragoza","Zaragoza","2017-08-21 16:48:58"
"182","99","IN","India","2017-08-21 16:48:58"
"185","149","NP","Nepal","2017-08-21 16:48:58"
"186","25","BT","Bhutan","2017-08-21 16:48:58"
"188","130","MV","Maldives","2017-08-21 16:48:58"
"189","196","LK","Srilanka","2017-08-21 16:48:58"
"191","17","BH","Bahrain","2017-08-21 16:48:58"
"192","96","HK","Hong Kong","2017-08-21 16:48:58"
"193","108","JO","Jordan","2017-08-21 16:48:58"
"194","114","KW","Kuwait","2017-08-21 16:48:58"
"195","118","LB","Lebanon","2017-08-21 16:48:58"
"196","173","QA","Qatar","2017-08-21 16:48:58"
"197","184","SA","Saudi Arabia","2017-08-21 16:48:58"
"198","161","OM","Oman","2017-08-21 16:48:58"
"199","205","SY","Syria","2017-08-21 16:48:58"
"200","235","YE","Yemen","2017-08-21 16:48:58"
"201","188","SG","Singapore","2017-08-21 16:48:58"
"203","32","BN","Brunei","2017-08-21 16:48:58"
"205","47","CO","Colombia","2017-08-21 16:48:58"
"206","100","ID","Indonesia","2017-08-21 16:48:58"
"207","116","LA","Laos","2017-08-21 16:48:58"
"209","153","NZ","New Zealand","2017-08-21 16:48:58"
"210","168","PH","Philippines","2017-08-21 16:48:58"
"211","113","KR","South Korea","2017-08-21 16:48:58"
"212","209","TH","Thailand","2017-08-21 16:48:58"
"213","230","VN","Viet Nam","2017-08-21 16:48:58"
"214","191","SB","Solomon","2017-08-21 16:48:58"
"215","125","MO","Macau","2017-08-21 16:48:58"
"216","142","MN","Mangolia","2017-08-21 16:48:58"
"217","206","TW","Taiwan","2017-08-21 16:48:58"
"218","148","NR","Nauru","2017-08-21 16:48:58"
"219","1","AF","Afghanistan","2017-08-21 16:48:58"
"220","21","BE","Belgium","2017-08-21 16:48:58"
"221","57","DK","Denmark","2017-08-21 16:48:58"
"222","73","FR","France","2017-08-21 16:48:58"
"224","124","LU","Luxembourg","2017-08-21 16:48:58"
"225","122","LI","Liechtenstein","2017-08-21 16:48:58"
"226","141","MC","Monaco","2017-08-21 16:48:58"
"227","150","NL","Netherlands","2017-08-21 16:48:58"
"228","204","CH","Switzerland","2017-08-21 16:48:58"
"229","222","GB","Great Britain","2017-08-21 16:48:58"
"230","81","DE","Germany","2017-08-21 16:48:58"
"231","223","US","U.S.A.","2017-08-21 16:48:58"
"232","38","CA","Canada","2017-08-21 16:48:58"
"233","138","MX","Mexico","2017-08-21 16:48:58"
"234","107","JP","Japan","2017-08-21 16:48:58"
"235","14","AT","Austria","2017-08-21 16:48:58"
"236","20","BY","Belarus","2017-08-21 16:48:58"
"237","33","BG","Bulgaria","2017-08-21 16:48:58"
"238","27","BA","Bosnia & Herzegovina","2017-08-21 16:48:58"
"239","55","CY","Cyprus","2017-08-21 16:48:58"
"240","71","FJ","Fiji","2017-08-21 16:48:58"
"241","101","IR","Iran","2017-08-21 16:48:58"
"242","165","PG","Papua","2017-08-21 16:48:58"
"243","146","MM","Myanmar","2017-08-21 16:48:58"
"244","99","A&N","Andman & Nicobar","2017-08-21 16:48:58"
"245","99","A.P.","Andhra Pradesh","2017-08-21 16:48:58"
"246","99","AR.P.","Arunachal Pradesh","2017-08-21 16:48:58"
"247","99","ASS","Assam","2017-08-21 16:48:58"
"248","99","BIH","Bihar","2017-08-21 16:48:58"
"249","99","C.G.","Chattisgarh","2017-08-21 16:48:58"
"250","99","GOA","Goa","2017-08-21 16:48:58"
"251","99","GUJ","Gujarat","2017-08-21 16:48:58"
"252","99","HAR","Haryana","2017-11-06 16:24:35"
"253","99","H.P.","Himachal Pradesh","2017-08-21 16:48:58"
"254","99","J&K","Jammu & Kashmir","2017-08-21 16:48:58"
"255","99","JKH","Jharkhand","2017-08-21 16:48:58"
"256","99","KAR","Karnataka","2017-08-21 16:48:58"
"257","99","KER","Kerala","2017-08-21 16:48:58"
"258","99","MAH","Maharashtra","2017-08-21 16:48:58"
"259","99","MAN","Manipur","2017-08-21 16:48:58"
"260","99","MEGH","Meghalaya","2017-08-21 16:48:58"
"261","99","MIZ","Mizoram","2017-08-21 16:48:58"
"262","99","M.P.","Madhya Pradesh","2017-08-21 16:48:58"
"263","99","NAGA","Nagaland","2017-08-21 16:48:58"
"264","99","N.C.T.","National Capital Teritory","2017-08-21 16:48:58"
"265","99","ORI","Orisa","2017-08-21 16:48:58"
"266","99","P.B.","Punjab","2017-08-21 16:48:58"
"267","99","RAJ","Rajasthan","2017-08-21 16:48:58"
"268","99","SIK","Sikkim","2017-08-21 16:48:58"
"269","99","T.N.","Tamilnadu","2017-08-21 16:48:58"
"270","99","TRI","Tripura","2017-08-21 16:48:58"
"271","99","U.A.","Uttaranchal","2017-08-21 16:48:58"
"272","99","U.P.","Uttar Pradesh","2017-08-21 16:48:58"
"273","99","U.T.","Union Teritory","2017-08-21 16:48:58"
"274","99","W.B.","West Bengal","2017-08-21 16:48:58"
"275","213","TT","Trinidad and Tobago","2017-08-21 16:48:58"
"276","3","DZA","Algeria","2017-08-21 16:48:58"
"277","4","ASM","American Samoa","2017-08-21 16:48:58"
"278","5","AND","Andorra","2017-08-21 16:48:58"
"279","6","AGO","Angola","2017-08-21 16:48:58"
"280","7","AIA","Anguilla","2017-08-21 16:48:58"
"281","8","ATA","Antarctica","2017-08-21 16:48:58"
"282","9","ATG","Antigua and Barbuda","2017-08-21 16:48:58"
"283","10","ARG","Argentina","2017-08-21 16:48:58"
"284","11","ARM","Armenia","2017-08-21 16:48:58"
"285","15","AZE","Azerbaijan","2017-08-21 16:48:58"
"286","22","BLZ","Belize","2017-08-21 16:48:58"
"287","23","BEN","Benin","2017-08-21 16:48:58"
"288","28","BWA","Botswana","2017-08-21 16:48:58"
"289","29","BVT","Bouvet Island","2017-08-21 16:48:58"
"290","30","BRA","Brazil","2017-08-21 16:48:58"
"291","34","BFA","Burkina Faso","2017-08-21 16:48:58"
"292","35","BDI","Burundi","2017-08-21 16:48:58"
"293","36","KHM","Cambodia","2017-08-21 16:48:58"
"294","39","CPV","Cape Verde","2017-08-21 16:48:58"
"295","40","CYM","Cayman Islands","2017-08-21 16:48:58"
"296","41","CAF","Central African Republic","2017-08-21 16:48:58"
"297","42","TCD","Chad","2017-08-21 16:48:58"
"298","45","CXR","Christmas Island","2017-08-21 16:48:58"
"299","48","COM","Comoros","2017-08-21 16:48:58"
"300","49","COG","Congo","2017-08-21 16:48:58"
"301","50","COK","Cook Islands","2017-08-21 16:48:58"
"302","51","CRI","Costa Rica","2017-08-21 16:48:58"
"303","52","CIV","Cote D'Ivoire","2017-08-21 16:48:58"
"304","53","HRV","Croatia","2017-08-21 16:48:58"
"305","58","DJI","Djibouti","2017-08-21 16:48:58"
"306","59","DMA","Dominica","2017-08-21 16:48:58"
"307","60","DOM","Dominican Republic","2017-08-21 16:48:58"
"308","61","TMP","East Timor","2017-08-21 16:48:58"
"309","62","ECU","Ecuador","2017-08-21 16:48:58"
"310","63","EGY","Egypt","2017-08-21 16:48:58"
"311","64","SLV","El Salvador","2017-08-21 16:48:58"
"312","65","GNQ","Equatorial Guinea","2017-08-21 16:48:58"
"313","66","ERI","Eritrea","2017-08-21 16:48:58"
"314","67","EST","Estonia","2017-08-21 16:48:58"
"315","68","ETH","Ethiopia","2017-08-21 16:48:58"
"316","69","FLK","Falkland Islands (Malvinas)","2017-08-21 16:48:58"
"318","75","GUF","French Guiana","2017-08-21 16:48:58"
"319","76","PYF","French Polynesia","2017-08-21 16:48:58"
"320","77","ATF","French Southern Territories","2017-08-21 16:48:58"
"321","78","GAB","Gabon","2017-08-21 16:48:58"
"322","79","GMB","Gambia","2017-08-21 16:48:58"
"323","82","GHA","Ghana","2017-08-21 16:48:58"
"324","83","GIB","Gibraltar","2017-08-21 16:48:58"
"325","84","GRC","Greece","2017-08-21 16:48:58"
"326","85","GRL","Greenland","2017-08-21 16:48:58"
"327","86","GRD","Grenada","2017-08-21 16:48:58"
"328","87","GLP","Guadeloupe","2017-08-21 16:48:58"
"329","88","GUM","Guam","2017-08-21 16:48:58"
"330","89","GTM","Guatemala","2017-08-21 16:48:58"
"331","90","GIN","Guinea","2017-08-21 16:48:58"
"332","91","GNB","Guinea-bissau","2017-08-21 16:48:58"
"333","92","GUY","Guyana","2017-08-21 16:48:58"
"334","93","HTI","Haiti","2017-08-21 16:48:58"
"335","94","HMD","Heard and Mc Donald Islands","2017-08-21 16:48:58"
"336","97","HUN","Hungary","2017-08-21 16:48:58"
"337","102","IRQ","Iraq","2017-08-21 16:48:58"
"338","103","IRL","Ireland","2017-08-21 16:48:58"
"339","109","KAZ","Kazakhstan","2017-08-21 16:48:58"
"340","110","KEN","Kenya","2017-08-21 16:48:58"
"341","111","KIR","Kiribati","2017-08-21 16:48:58"
"342","119","LSO","Lesotho","2017-08-21 16:48:58"
"343","120","LBR","Liberia","2017-08-21 16:48:58"
"344","126","MKD","Macedonia, The Former Yugoslav R","2017-08-21 16:48:58"
"345","127","MDG","Madagascar","2017-08-21 16:48:58"
"346","131","MLI","Mali","2017-08-21 16:48:58"
"347","132","MLT","Malta","2017-08-21 16:48:58"
"348","133","MHL","Marshall Islands","2017-08-21 16:48:58"
"349","134","MTQ","Martinique","2017-08-21 16:48:58"
"350","135","MRT","Mauritania","2017-08-21 16:48:58"
"351","136","MUS","Mauritius","2017-08-21 16:48:58"
"352","139","FSM","Micronesia, Federated States of","2017-08-21 16:48:58"
"353","143","MSR","Montserrat","2017-08-21 16:48:58"
"354","144","MAR","Morocco","2017-08-21 16:48:58"
"355","151","ANT","Netherlands Antilles","2017-08-21 16:48:58"
"356","152","NCL","New Caledonia","2017-08-21 16:48:58"
"358","154","NIC","Nicaragua","2017-08-21 16:48:58"
"359","155","NER","Niger","2017-08-21 16:48:58"
"360","156","NGA","Nigeria","2017-08-21 16:48:58"
"361","157","NIU","Niue","2017-08-21 16:48:58"
"362","158","NFK","Norfolk Island","2017-08-21 16:48:58"
"363","159","MNP","Northern Mariana Islands","2017-08-21 16:48:58"
"364","163","PLW","Palau","2017-08-21 16:48:58"
"365","166","PRY","Paraguay","2017-08-21 16:48:58"
"366","169","PCN","Pitcairn","2017-08-21 16:48:58"
"367","170","POL","Poland","2017-08-21 16:48:58"
"368","171","PRT","Portugal","2017-08-21 16:48:58"
"369","174","REU","Reunion","2017-08-21 16:48:58"
"370","175","ROM","Romania","2017-08-21 16:48:58"
"371","176","RUS","Russian Federation","2017-08-21 16:48:58"
"372","177","RWA","Rwanda","2017-08-21 16:48:58"
"373","178","KNA","Saint Kitts and Nevis","2017-08-21 16:48:58"
"374","179","LCA","Saint Lucia","2017-08-21 16:48:58"
"375","180","VCT","Saint Vincent and the Grenadines","2017-08-21 16:48:58"
"376","181","WSM","Samoa","2017-08-21 16:48:58"
"377","182","SMR","San Marino","2017-08-21 16:48:58"
"378","185","SEN","Senegal","2017-08-21 16:48:58"
"379","186","SYC","Seychelles","2017-08-21 16:48:58"
"380","189","SVK","Slovakia (Slovak Republic)","2017-08-21 16:48:58"
"381","192","SOM","Somalia","2017-08-21 16:48:58"
"382","193","ZAF","South Africa","2017-08-21 16:48:58"
"383","197","SHN","St. Helena","2017-08-21 16:48:58"
"384","198","SPM","St. Pierre and Miquelon","2017-08-21 16:48:58"
"385","199","SDN","Sudan","2017-08-21 16:48:58"
"386","200","SUR","Suriname","2017-08-21 16:48:58"
"387","201","SJM","Svalbard and Jan Mayen Islands","2017-08-21 16:48:58"
"388","202","SWZ","Swaziland","2017-08-21 16:48:58"
"389","207","TJK","Tajikistan","2017-08-21 16:48:58"
"390","210","TGO","Togo","2017-08-21 16:48:58"
"391","211","TKL","Tokelau","2017-08-21 16:48:58"
"392","214","TUN","Tunisia","2017-08-21 16:48:58"
"393","215","TUR","Turkey","2017-08-21 16:48:58"
"394","216","TKM","Turkmenistan","2017-08-21 16:48:58"
"395","217","TCA","Turks and Caicos Islands","2017-08-21 16:48:58"
"396","218","TUV","Tuvalu","2017-08-21 16:48:58"
"397","219","UGA","Uganda","2017-08-21 16:48:58"
"398","224","UMI","United States Minor Outlying Isl","2017-08-21 16:48:58"
"399","225","URY","Uruguay","2017-08-21 16:48:58"
"400","226","UZB","Uzbekistan","2017-08-21 16:48:58"
"401","227","VUT","Vanuatu","2017-08-21 16:48:58"
"402","228","VAT","Vatican City State (Holy See)","2017-08-21 16:48:58"
"403","231","VGB","Virgin Islands (British)","2017-08-21 16:48:58"
"404","232","VIR","Virgin Islands (U.S.)","2017-08-21 16:48:58"
"405","233","WLF","Wallis and Futuna Islands","2017-08-21 16:48:58"
"406","2","ALB","Albania","2017-08-21 16:48:58"
"407","12","ABW","Aruba","2017-08-21 16:48:58"
"408","16","BHS","Bahamas","2017-08-21 16:48:58"
"409","19","BRB","Barbados","2017-08-21 16:48:58"
"410","24","BMU","Bermuda","2017-08-21 16:48:58"
"411","31","IOT","British Indian Ocean Territory","2017-08-21 16:48:58"
"412","37","CMR","Cameroon","2017-08-21 16:48:58"
"413","43","CHL","Chile","2017-08-21 16:48:58"
"414","54","CUB","Cuba","2017-08-21 16:48:58"
"415","70","FRO","Faroe Islands","2017-08-21 16:48:58"
"416","72","FIN","Finland","2017-08-21 16:48:58"
"417","80","GEO","Georgia","2017-08-21 16:48:58"
"418","95","HND","Honduras","2017-08-21 16:48:58"
"419","98","ISL","Iceland","2017-08-21 16:48:58"
"420","104","ISR","Israel","2017-08-21 16:48:58"
"421","106","JAM","Jamaica","2017-08-21 16:48:58"
"422","112","PRK","Korea, Democratic People's Repub","2017-08-21 16:48:58"
"423","115","KGZ","Kyrgyzstan","2017-08-21 16:48:58"
"424","117","LVA","Latvia","2017-08-21 16:48:58"
"425","121","LBY","Libyan Arab Jamahiriya","2017-08-21 16:48:58"
"426","123","LTU","Lithuania","2017-08-21 16:48:58"
"427","128","MWI","Malawi","2017-08-21 16:48:58"
"428","137","MYT","Mayotte","2017-08-21 16:48:58"
"429","140","MDA","Moldova, Republic of","2017-08-21 16:48:58"
"430","145","MOZ","Mozambique","2017-08-21 16:48:58"
"431","147","NAM","Namibia","2017-08-21 16:48:58"
"433","164","PAN","Panama","2017-08-21 16:48:58"
"434","167","PER","Peru","2017-08-21 16:48:58"
"435","172","PRI","Puerto Rico","2017-08-21 16:48:58"
"436","183","STP","Sao Tome and Principe","2017-08-21 16:48:58"
"437","187","SLE","Sierra Leone","2017-08-21 16:48:58"
"438","190","SVN","Slovenia","2017-08-21 16:48:58"
"439","194","SGS","South Georgia and the South Sand","2017-08-21 16:48:58"
"441","208","TZA","Tanzania, United Republic of","2017-08-21 16:48:58"
"442","212","TON","Tonga","2017-08-21 16:48:58"
"443","220","UKR","Ukraine","2017-08-21 16:48:58"
"444","229","VEN","Venezuela","2017-08-21 16:48:58"
"445","234","ESH","Western Sahara","2017-08-21 16:48:58"
"446","236","YUG","Yugoslavia","2017-08-21 16:48:58"
"447","237","ZAR","Zaire","2017-08-21 16:48:58"
"448","238","ZMB","Zambia","2017-08-21 16:48:58"
"449","239","ZWE","Zimbabwe","2017-08-21 16:48:58"
"450","13","NSW","New South Wales","2017-08-21 16:48:58"
"451","13","VIC","Victoria","2017-08-21 16:48:58"
"452","13","QLD","Queensland","2017-08-21 16:48:58"
"453","13","NT","Northern Territory","2017-08-21 16:48:58"
"454","13","WA","Western Australia","2017-08-21 16:48:58"
"455","13","SA","South Australia","2017-08-21 16:48:58"
"456","13","TAS","Tasmania","2017-08-21 16:48:58"
"457","13","ACT","Australian Capital Territory","2017-08-21 16:48:58"
"458","105","AG","Agrigento","2017-08-21 16:48:58"
"459","105","AL","Alessandria","2017-08-21 16:48:58"
"460","105","AN","Ancona","2017-08-21 16:48:58"
"461","105","AO","Aosta","2017-08-21 16:48:58"
"462","105","AR","Arezzo","2017-08-21 16:48:58"
"463","105","AP","Ascoli Piceno","2017-08-21 16:48:58"
"464","105","AT","Asti","2017-08-21 16:48:58"
"465","105","AV","Avellino","2017-08-21 16:48:58"
"466","105","BA","Bari","2017-08-21 16:48:58"
"467","105","BL","Belluno","2017-08-21 16:48:58"
"468","105","BN","Benevento","2017-08-21 16:48:58"
"469","105","BG","Bergamo","2017-08-21 16:48:58"
"470","105","BI","Biella","2017-08-21 16:48:58"
"471","105","BO","Bologna","2017-08-21 16:48:58"
"472","105","BZ","Bolzano","2017-08-21 16:48:58"
"473","105","BS","Brescia","2017-08-21 16:48:58"
"474","105","BR","Brindisi","2017-08-21 16:48:58"
"475","105","CA","Cagliari","2017-08-21 16:48:58"
"476","105","CL","Caltanissetta","2017-08-21 16:48:58"
"477","105","CB","Campobasso","2017-08-21 16:48:58"
"478","105","CE","Caserta","2017-08-21 16:48:58"
"479","105","CT","Catania","2017-08-21 16:48:58"
"480","105","CZ","Catanzaro","2017-08-21 16:48:58"
"481","105","CH","Chieti","2017-08-21 16:48:58"
"482","105","CO","Como","2017-08-21 16:48:58"
"483","105","CS","Cosenza","2017-08-21 16:48:58"
"484","105","CR","Cremona","2017-08-21 16:48:58"
"485","105","KR","Crotone","2017-08-21 16:48:58"
"486","105","CN","Cuneo","2017-08-21 16:48:58"
"487","105","EN","Enna","2017-08-21 16:48:58"
"488","105","FE","Ferrara","2017-08-21 16:48:58"
"489","105","FI","Firenze","2017-08-21 16:48:58"
"490","105","FG","Foggia","2017-08-21 16:48:58"
"491","105","FO","Forl","2017-08-21 16:48:58"
"492","105","FR","Frosinone","2017-08-21 16:48:58"
"493","105","GE","Genova","2017-08-21 16:48:58"
"494","105","GO","Gorizia","2017-08-21 16:48:58"
"495","105","GR","Grosseto","2017-08-21 16:48:58"
"496","105","IM","Imperia","2017-08-21 16:48:58"
"497","105","IS","Isernia","2017-08-21 16:48:58"
"498","105","AQ","Aquila","2017-08-21 16:48:58"
"499","105","SP","La Spezia","2017-08-21 16:48:58"
"500","105","LT","Latina","2017-08-21 16:48:58"
"501","105","LE","Lecce","2017-08-21 16:48:58"
"502","105","LC","Lecco","2017-08-21 16:48:58"
"503","105","LI","Livorno","2017-08-21 16:48:58"
"504","105","LO","Lodi","2017-08-21 16:48:58"
"505","105","LU","Lucca","2017-08-21 16:48:58"
"506","105","MC","Macerata","2017-08-21 16:48:58"
"507","105","MN","Mantova","2017-08-21 16:48:58"
"508","105","MS","Massa-Carrara","2017-08-21 16:48:58"
"509","105","MT","Matera","2017-08-21 16:48:58"
"510","105","ME","Messina","2017-08-21 16:48:58"
"511","105","MI","Milano","2017-08-21 16:48:58"
"512","105","MO","Modena","2017-08-21 16:48:58"
"513","105","NA","Napoli","2017-08-21 16:48:58"
"514","105","NO","Novara","2017-08-21 16:48:58"
"515","105","NU","Nuoro","2017-08-21 16:48:58"
"516","105","OR","Oristano","2017-08-21 16:48:58"
"517","105","PD","Padova","2017-08-21 16:48:58"
"518","105","PA","Palermo","2017-08-21 16:48:58"
"519","105","PR","Parma","2017-08-21 16:48:58"
"520","105","PG","Perugia","2017-08-21 16:48:58"
"521","105","PV","Pavia","2017-08-21 16:48:58"
"522","105","PS","Pesaro e Urbino","2017-08-21 16:48:58"
"523","105","PE","Pescara","2017-08-21 16:48:58"
"524","105","PC","Piacenza","2017-08-21 16:48:58"
"525","105","PI","Pisa","2017-08-21 16:48:58"
"526","105","PT","Pistoia","2017-08-21 16:48:58"
"527","105","PN","Pordenone","2017-08-21 16:48:58"
"528","105","PZ","Potenza","2017-08-21 16:48:58"
"529","105","PO","Prato","2017-08-21 16:48:58"
"530","105","RG","Ragusa","2017-08-21 16:48:58"
"531","105","RA","Ravenna","2017-08-21 16:48:58"
"532","105","RC","Reggio di Calabria","2017-08-21 16:48:58"
"533","105","RE","Reggio Emilia","2017-08-21 16:48:58"
"534","105","RI","Rieti","2017-08-21 16:48:58"
"535","105","RN","Rimini","2017-08-21 16:48:58"
"536","105","RM","Roma","2017-08-21 16:48:58"
"537","105","RO","Rovigo","2017-08-21 16:48:58"
"538","105","SA","Salerno","2017-08-21 16:48:58"
"539","105","SS","Sassari","2017-08-21 16:48:58"
"540","105","SV","Savona","2017-08-21 16:48:58"
"541","105","SI","Siena","2017-08-21 16:48:58"
"542","105","SR","Siracusa","2017-08-21 16:48:58"
"543","105","SO","Sondrio","2017-08-21 16:48:58"
"544","105","TA","Taranto","2017-08-21 16:48:58"
"545","105","TE","Teramo","2017-08-21 16:48:58"
"546","105","TR","Terni","2017-08-21 16:48:58"
"547","105","TO","Torino","2017-08-21 16:48:58"
"548","105","TP","Trapani","2017-08-21 16:48:58"
"549","105","TN","Trento","2017-08-21 16:48:58"
"550","105","TV","Treviso","2017-08-21 16:48:58"
"551","105","TS","Trieste","2017-08-21 16:48:58"
"552","105","UD","Udine","2017-08-21 16:48:58"
"553","105","VA","Varese","2017-08-21 16:48:58"
"554","105","VE","Venezia","2017-08-21 16:48:58"
"555","105","VB","Verbania","2017-08-21 16:48:58"
"556","105","VC","Vercelli","2017-08-21 16:48:58"
"557","105","VR","Verona","2017-08-21 16:48:58"
"558","105","VV","Vibo Valentia","2017-08-21 16:48:58"
"559","105","VI","Vicenza","2017-08-21 16:48:58"
"560","105","VT","Viterbo","2017-08-21 16:48:58"
"561","129","JOH","Johor","2017-08-21 16:48:58"
"562","129","KDH","Kedah","2017-08-21 16:48:58"
"563","129","KEL","Kelantan","2017-08-21 16:48:58"
"564","129","KL","Kuala Lumpur","2017-08-21 16:48:58"
"565","129","MEL","Melaka","2017-08-21 16:48:58"
"566","129","NS","Negeri Sembilan","2017-08-21 16:48:58"
"567","129","PAH","Pahang","2017-08-21 16:48:58"
"568","129","PRK","Perak","2017-08-21 16:48:58"
"569","129","PER","Perlis","2017-08-21 16:48:58"
"570","129","PP","Pulau Pinang","2017-08-21 16:48:58"
"571","129","SAB","Sabah","2017-08-21 16:48:58"
"572","129","SWK","Sarawak","2017-08-21 16:48:58"
"573","129","SEL","Selangor","2017-08-21 16:48:58"
"574","129","TER","Terengganu","2017-08-21 16:48:58"
"575","129","LAB","W.P.Labuan","2017-08-21 16:48:58"
"576","129","PUT","Putrajaya","2017-08-21 16:48:58"
"577","129","CYB","Cyberjaya","2017-08-21 16:48:58"
"578","162","KHI","Karachi","2017-08-21 16:48:58"
"579","162","LH","Lahore","2017-08-21 16:48:58"
"580","162","ISB","Islamabad","2017-08-21 16:48:58"
"581","162","QUE","Quetta","2017-08-21 16:48:58"
"582","162","PSH","Peshawar","2017-08-21 16:48:58"
"583","162","GUJ","Gujrat","2017-08-21 16:48:58"
"584","162","SAH","Sahiwal","2017-08-21 16:48:58"
"585","162","FSB","Faisalabad","2017-08-21 16:48:58"
"586","162","RIP","Rawal Pindi","2017-08-21 16:48:58"
"587","203","AB","Stockholm","2017-08-21 16:48:58"
"588","203","C","Uppsala","2017-08-21 16:48:58"
"590","203","D","Sodermanland","2017-08-21 16:48:58"
"591","203","E","Ostergotland","2017-08-21 16:48:58"
"592","203","F","Jonkoping","2017-08-21 16:48:58"
"593","203","H","Kalmar","2017-08-21 16:48:58"
"594","203","I","Gotland","2017-08-21 16:48:58"
"595","203","K","Blekinge","2017-08-21 16:48:58"
"596","203","M","Skane","2017-08-21 16:48:58"
"597","203","N","Halland","2017-08-21 16:48:58"
"598","203","O","Vastra Gotaland","2017-08-21 16:48:58"
"599","203","S","Varmland","2017-08-21 16:48:58"
"600","203","T","Orebro","2017-08-21 16:48:58"
"601","203","U","Vastmanland","2017-08-21 16:48:58"
"602","203","W","Dalarna","2017-08-21 16:48:58"
"603","203","X","Gavleborg","2017-08-21 16:48:58"
"604","203","Y","Vasternorrland","2017-08-21 16:48:58"
"605","203","Z","Jamtland","2017-08-21 16:48:58"
"606","203","AC","Vasterbotten","2017-08-21 16:48:58"
"607","203","BD","Norrbotten","2017-08-21 16:48:58"
"608","221","DXB","Dubai","2017-08-21 16:48:58"
"609","221","SHJ","Sharjah","2017-08-21 16:48:58"
"610","221","ABU","Abu dhabi","2017-08-21 16:48:58"
"611","221","UAQ","UM Al Quwain","2017-08-21 16:48:58"
"612","221","FUJ","Fujairah","2017-08-21 16:48:58"
"613","221","Ala","Al Ain","2017-08-21 16:48:58"
"614","74","Et","Etranger","2017-08-21 16:48:58"
"615","74","01","Ain","2017-08-21 16:48:58"
"616","74","02","Aisne","2017-08-21 16:48:58"
"617","74","03","Allier","2017-08-21 16:48:58"
"618","74","04","Alpes de Haute Provence","2017-08-21 16:48:58"
"619","74","05","Hautes-Alpes","2017-08-21 16:48:58"
"620","74","06","Alpes Maritimes","2017-08-21 16:48:58"
"621","74","07","Ard&egrave;che","2017-08-21 16:48:58"
"622","74","08","Ardennes","2017-08-21 16:48:58"
"623","74","09","Ari&egrave;ge","2017-08-21 16:48:58"
"624","74","10","Aube","2017-08-21 16:48:58"
"625","74","11","Aude","2017-08-21 16:48:58"
"626","74","12","Aveyron","2017-08-21 16:48:58"
"627","74","13","Bouches du Rh&ocirc;ne","2017-08-21 16:48:58"
"628","74","14","Calvados","2017-08-21 16:48:58"
"629","74","15","Cantal","2017-08-21 16:48:58"
"630","74","16","Charente","2017-08-21 16:48:58"
"631","74","17","Charente Maritime","2017-08-21 16:48:58"
"632","74","18","Cher","2017-08-21 16:48:58"
"633","74","19","Corr&egrave;ze","2017-08-21 16:48:58"
"634","74","2A","Corse du Sud","2017-08-21 16:48:58"
"635","74","2B","Haute Corse","2017-08-21 16:48:58"
"636","74","21","C&ocirc;te d'or","2017-08-21 16:48:58"
"637","74","22","C&ocirc;tes d'Armor","2017-08-21 16:48:58"
"638","74","23","Creuse","2017-08-21 16:48:58"
"639","74","24","Dordogne","2017-08-21 16:48:58"
"640","74","25","Doubs","2017-08-21 16:48:58"
"641","74","26","Dr&ocirc;me","2017-08-21 16:48:58"
"642","74","27","Eure","2017-08-21 16:48:58"
"643","74","28","Eure et Loir","2017-08-21 16:48:58"
"644","74","29","Finist&egrave;re","2017-08-21 16:48:58"
"645","74","30","Gard","2017-08-21 16:48:58"
"646","74","31","Haute Garonne","2017-08-21 16:48:58"
"647","74","32","Gers","2017-08-21 16:48:58"
"648","74","33","Gironde","2017-08-21 16:48:58"
"649","74","34","H&eacute;rault","2017-08-21 16:48:58"
"650","74","35","Ille et Vilaine","2017-08-21 16:48:58"
"651","74","36","Indre","2017-08-21 16:48:58"
"652","74","37","Indre et Loire","2017-08-21 16:48:58"
"653","74","38","Is&eacute;re","2017-08-21 16:48:58"
"654","74","39","Jura","2017-08-21 16:48:58"
"655","74","40","Landes","2017-08-21 16:48:58"
"656","74","41","Loir et Cher","2017-08-21 16:48:58"
"657","74","42","Loire","2017-08-21 16:48:58"
"658","74","43","Haute Loire","2017-08-21 16:48:58"
"659","74","44","Loire Atlantique","2017-08-21 16:48:58"
"660","74","45","Loiret","2017-08-21 16:48:58"
"661","74","46","Lot","2017-08-21 16:48:58"
"662","74","47","Lot et Garonne","2017-08-21 16:48:58"
"663","74","48","Loz&egrave;re","2017-08-21 16:48:58"
"664","74","49","Maine et Loire","2017-08-21 16:48:58"
"665","74","50","Manche","2017-08-21 16:48:58"
"666","74","51","Marne","2017-08-21 16:48:58"
"667","74","52","Haute Marne","2017-08-21 16:48:58"
"668","74","53","Mayenne","2017-08-21 16:48:58"
"669","74","54","Meurthe et Moselle","2017-08-21 16:48:58"
"670","74","55","Meuse","2017-08-21 16:48:58"
"671","74","56","Morbihan","2017-08-21 16:48:58"
"672","74","57","Moselle","2017-08-21 16:48:58"
"673","74","58","Ni&egrave;vre","2017-08-21 16:48:58"
"674","74","59","Nord","2017-08-21 16:48:58"
"675","74","60","Oise","2017-08-21 16:48:58"
"676","74","61","Orne","2017-08-21 16:48:58"
"677","74","62","Pas de Calais","2017-08-21 16:48:58"
"678","74","63","Puy de D&ocirc;me","2017-08-21 16:48:58"
"679","74","64","Pyr&eacute;n&eacute;es Atlantiqu","2017-08-21 16:48:58"
"680","74","65","Hautes Pyr&eacute;n&eacute;es","2017-08-21 16:48:58"
"681","74","66","Pyr&eacute;n&eacute;es Orientale","2017-08-21 16:48:58"
"682","74","67","Bas Rhin","2017-08-21 16:48:58"
"683","74","68","Haut Rhin","2017-08-21 16:48:58"
"684","74","69","Rh&ocirc;ne","2017-08-21 16:48:58"
"685","74","70","Haute Sa&ocirc;ne","2017-08-21 16:48:58"
"686","74","71","Sa&ocirc;ne et Loire","2017-08-21 16:48:58"
"687","74","72","Sarthe","2017-08-21 16:48:58"
"688","74","73","Savoie","2017-08-21 16:48:58"
"689","74","74","Haute Savoie","2017-08-21 16:48:58"
"690","74","75","Paris","2017-08-21 16:48:58"
"691","74","76","Seine Maritime","2017-08-21 16:48:58"
"692","74","77","Seine et Marne","2017-08-21 16:48:58"
"693","74","78","Yvelines","2017-08-21 16:48:58"
"694","74","79","Deux S&egrave;vres","2017-08-21 16:48:58"
"695","74","80","Somme","2017-08-21 16:48:58"
"696","74","81","Tarn","2017-08-21 16:48:58"
"697","74","82","Tarn et Garonne","2017-08-21 16:48:58"
"698","74","83","Var","2017-08-21 16:48:58"
"699","74","84","Vaucluse","2017-08-21 16:48:58"
"700","74","85","Vend&eacute;e","2017-08-21 16:48:58"
"701","74","86","Vienne","2017-08-21 16:48:58"
"702","74","87","Haute Vienne","2017-08-21 16:48:58"
"703","74","88","Vosges","2017-08-21 16:48:58"
"704","74","89","Yonne","2017-08-21 16:48:58"
"705","74","90","Territoire de Belfort","2017-08-21 16:48:58"
"706","74","91","Essonne","2017-08-21 16:48:58"
"707","74","92","Hauts de Seine","2017-08-21 16:48:58"
"708","74","93","Seine St-Denis","2017-08-21 16:48:58"
"709","74","94","Val de Marne","2017-08-21 16:48:58"
"710","74","95","Val d'Oise","2017-08-21 16:48:58"
"711","18","BA","Barisal","2017-08-21 16:48:58"
"712","18","CH","Chittagong","2017-08-21 16:48:58"
"713","18","DH","Dhaka","2017-08-21 16:48:58"
"714","18","KH","Khulna","2017-08-21 16:48:58"
"715","18","RA","Rajshahi","2017-08-21 16:48:58"
"716","44","AN","Anhui","2017-08-21 16:48:58"
"717","44","BE","Beijing","2017-08-21 16:48:58"
"718","44","CH","Chongqing","2017-08-21 16:48:58"
"719","44","FU","Fujian","2017-08-21 16:48:58"
"720","44","GA","Gansu","2017-08-21 16:48:58"
"721","44","GU","Guangdong","2017-08-21 16:48:58"
"722","44","GX","Guangxi","2017-08-21 16:48:58"
"723","44","GZ","Guizhou","2017-08-21 16:48:58"
"724","44","HA","Hainan","2017-08-21 16:48:58"
"725","44","HB","Hebei","2017-08-21 16:48:58"
"726","44","HL","Heilongjiang","2017-08-21 16:48:58"
"727","44","HE","Henan","2017-08-21 16:48:58"
"728","44","HK","Hong Kong","2017-08-21 16:48:58"
"729","44","HU","Hubei","2017-08-21 16:48:58"
"730","44","HN","Hunan","2017-08-21 16:48:58"
"731","44","IM","Inner Mongolia","2017-08-21 16:48:58"
"732","44","JI","Jiangsu","2017-08-21 16:48:58"
"733","44","JX","Jiangxi","2017-08-21 16:48:58"
"734","44","JL","Jilin","2017-08-21 16:48:58"
"735","44","LI","Liaoning","2017-08-21 16:48:58"
"736","44","MA","Macau","2017-08-21 16:48:58"
"737","44","NI","Ningxia","2017-08-21 16:48:58"
"738","44","SH","Shaanxi","2017-08-21 16:48:58"
"739","44","SA","Shandong","2017-08-21 16:48:58"
"740","44","SG","Shanghai","2017-08-21 16:48:58"
"741","44","SX","Shanxi","2017-08-21 16:48:58"
"742","44","SI","Sichuan","2017-08-21 16:48:58"
"743","44","TI","Tianjin","2017-08-21 16:48:58"
"744","44","XI","Xinjiang","2017-08-21 16:48:58"
"745","44","YU","Yunnan","2017-08-21 16:48:58"
"746","44","ZH","Zhejiang","2017-08-21 16:48:58"
"747","160","AK","Akershus","2017-08-21 16:48:58"
"748","160","AA","Aust-Agder","2017-08-21 16:48:58"
"749","160","BU","Buskerud","2017-08-21 16:48:58"
"750","160","FI","Finnmark","2017-08-21 16:48:58"
"751","160","HE","Hedmark","2017-08-21 16:48:58"
"752","160","HO","Hordaland","2017-08-21 16:48:58"
"753","160","MR","More og Romsdal","2017-08-21 16:48:58"
"754","160","NT","Nord-Trondelag","2017-08-21 16:48:58"
"755","160","NL","Nordland","2017-08-21 16:48:58"
"756","160","OF","Ostfold","2017-08-21 16:48:58"
"757","160","OP","Oppland","2017-08-21 16:48:58"
"758","160","OS","Oslo","2017-08-21 16:48:58"
"759","160","RO","Rogaland","2017-08-21 16:48:58"
"760","160","ST","Sor-Trondelag","2017-08-21 16:48:58"
"761","160","SF","Sogn og Fjordane","2017-08-21 16:48:58"
"762","160","SV","Svalbard","2017-08-21 16:48:58"
"763","160","TE","Telemark","2017-08-21 16:48:58"
"764","160","TR","Troms","2017-08-21 16:48:58"
"765","160","VA","Vest-Agder","2017-08-21 16:48:58"
"766","160","VF","Vestfold","2017-08-21 16:48:58"
"767","99","CHD","Chandigarh","2017-08-21 16:48:58"
"768","99","PND","Pondicherry","2017-08-21 16:48:58"
"769","99","DEL","Delhi","2017-08-21 16:48:58"
"771","99","DNH","Dadar & Nagar Hawei","2017-08-21 16:48:58"
"772","99","D & D","Daman & Diu","2017-08-21 16:48:58"
"773","99","LKD","Lakhyadeep","2017-08-21 16:48:58"
"774","99","TG","Telangana","2017-08-21 16:48:58"
